ID,TITLE,COMPANYNAME,LOCATION,SUMMARY
be95b5718905880f,AI/빅데이터/클라우드 분야 (인재 Pool),LG유플러스,서울,"의미한 인사이트 발굴 - R, Python, SQL 등 Statistics... 등)의 다양한 솔루션을 활용하여 서비스 개발 경험자 2) Java, Python 등 프로그래밍 개발 경험 보유자 3) Container 기반 서비스..."
bc477bd43b19f752,자동차 전장 ADAS 카메라 System SW 개발 전문가,LG전자,서울특별시,Service/Application 개발 경험. ㆍ영상 처리 및 영상 데이터 컨트롤 - 중급 이상 C/C++/ Python/MATLAB 및 computer vision관련 tool 활용 가능 - Image geometry 및...
1fd963b87d62d30a,한화시스템/방산 2021년 한화시스템 방산부문 신사업분야 경력사원,한화시스템,성남 분당구,시스템개발자|인터넷·IT·통신·모바일·게임>빅데이터·AI(인공지능)> Python|전자·기계·기술·화학·연구개발>연구원·연구개발>전기·전자|전자·기계... 그래머>C·C++|인터넷·IT·통신·모바일·게임>응용프로그래머> Python
99447f07b33ca90f,Python 시스템 개발자 신입/경력자,마스코리아,세종특별자치시,"직무내용] 담당업무 ㆍ영상처리 & 머신러닝 시스템 개발, 통신(TCP/IP, Serial), FTP, DB 지원자격 ㆍ경력 : 신입/경력 2년 이상학력 : 초대졸(2년제)이상연봉 : 면접후 결정우대사항ㆍ전기/전자공학, 컴퓨터..."
5e71ee8401f574a7,[진행중] 우리은행 빅데이터사업부 전문직(데이터사이언티스트[데이터분석가]) 채용공고,우리은행,서울 회현동,ML/DL 기술을 활용한 분석모델 개발 및 서비스를 적용해 본 경험이 있는자 - 데이터 분석을 위한 언어( Python/R)를 하나 이상 능숙하게 다룰 수 있는자 우대사항 - 금융분야 ML/DL 관련 업무 경력 2년...
e613e8a5792b4fe9,비전넥스트 개발직군 채용,한화그룹,서울,"자격요건 - C/C++, Python 가능 - Verilog-HDL... Methodology - SoC Top Integration - C/ Python 기반 모델 RTL 변환 가능 기술 O명 판교 한화인 1:1 문의하기..."
ef62b0e22d2dd6a2,[kt ds]2021년 각 부문별 경력사원 수시,케이티디에스,서울 서초구,"W), C/C++,.NET Core, DB(Oracle, MySQL, PostgreSQL, PL/SQL), Python 등 인터넷·IT·통신·모바일·게임>전산·IT기술지원>S/W 엔지니어|인터넷·IT·통신·모바일·게임>ERP..."
79b0a7b5d7be505d,[아이콘트롤스] 2021년 하반기 경력사원 모집,현대산업개발,서울특별시,"Spring, node.js, python 프레임워크를 활용한 서버 개발... 전공 무관 ㆍ총경력 : 4년 이상~8년 이하 ㆍ Python 개발 경력 4년 이상 - Python 서버 (Backend) 개발 경력 4년 이상 - 웹..."
ad4ee247fc289671,Data Scientist,Nova Measuring Instruments,경기도 화성,long periods of time (up to 1 month each time). Programming – python proficient. Machine learning and data science experience...
e29bd57c416ee579,인재 Pool 등록,S&I Corp.,대한민국,"5년 이상 (IT기획, 프로젝트 PM/PL, 개발경력 등) - 자격 : 컴퓨터 언어 활용능력 보유 (JAVA, PYTHON) : 데이터베이스(RDBMS) 활용능력 보유 - 우대사항 : IT 예산(HW,SW,인건비) 수립 경험..."
e11fdb620460d7c6,2021년 국내 석/박사 산학장학생,LG유플러스,서울,"탐색적 분석, 머신러닝 모델링 등의 다양한 데이터 분석 및 결과를 바탕으로 유의미한 인사이트 발굴 - R, Python, SQL 등 Statistics, Machine Learning, Deep Learning 도구 활용..."
5ea9ea023c6ccc03,"S/W 엔지니어, 데이터분석 신입/경력 정규직, 인턴",가치랩스,성남 분당구,"케이션 제작 및 유지보수 업무- Python, Golang, QT 중 선택... 2. 시스템프로그래머- Python, Golang, QT 중 선택 가능3. 영상데이터 분석 및 모델링- python기반 영상데이터 분석 및 모델링..."
2b9e604e63e7e46d,[카카오커머스] 기술직군,카카오커머스,성남 분당구,"우대사항 - 전자금융 감독규정, PCIDSS에 대한 실무 경험이나 이해도가 높으신 분 - JAVA, Python, shell script 등 개발 역량을 갖추신 분 - 웹/앱 취약점 진단 및 모의해킹 역량을 갖추신..."
78e99625e5de3c95,전문연구요원 (병역특례) 수시 (AI / HW 분야),딥엑스,성남 분당구,"모델의 RTL IP 설계 및 IP 검증 가능자 - Language: Python/Perl, C/C++ [우대 조건] - ARM based SoC 설계... Linux, shell, tcl, python, perl 사용 원활..."
41cd6ac9717a5924,[TmaxAI/R&D] AI 로보어드바이저 개발자,티맥스소프트,성남 분당구,"기졸업자 또는 22년 2월 졸업 예정자 -금융공학을 포함한 금융 관련 분야 전공자 혹은 유관 능력 보유자 - Python, numpy, pandas 사용 경험 우대사항 -컴퓨터 및 전산관련 전공 -금융권 경력 3년 이상이거나..."
6063067f58daecb9,광학솔루션사업부 경력사원 공고,LG이노텍,경기도 안산,"dispensing, Vision/Function test) 우대 - 제어 부문 : C+, C++, C#, Python 등 프로그래밍 언어 사용 능숙자 우대 - 외국어 역량 우수자 우대 (TS 150점 이상, OPIC IH..."
4cd34228af5013fd,DGIST 2019년 제1차 계약직원 공개채용 공고,대구경북과학기술원,대구 현풍면,"우수자(SPSS, R 등 통계패키지) 외국어(영어) 구사 능력 우수자 Programming(MATLAB, Python, C/C++ 등) 가능자 · 근무기간 : 2019.3.11.~2020.3.10. ※ 단, 재계약 평가에..."
754be9e3d78fa802,2021년 상반기 R&D 개발자 (병역특례 가능/경력 무관),네오스텍,인천 연수구,"담당업무: - 블루투스 메시 기반 위치 추적 솔루션 개발 - 상기 솔루션의 임베디드 펌웨어 개발 - C(필수), Python, Javascript 프로그래밍 언어 사용 - 기술 지원 [자격요건] 경력사항: 무관 (신입도 지원..."
8cc372a6b78679b1,"인공지능(AI), Python(응용프로그램 개발자) 외 신입/경력 정규직",쿠노소프트,서울 성북구,"(주)쿠노소프트 인공지능(AI), Python 외 신입/경력 정규직 채용... 래머>인공지능(AI)|인터넷·IT·통신·모바일·게임>응용프로그래머> Python|인터넷·IT·통신·모바일·게임>응용프로그래머>Visual C++(MFC..."
b500bd2a00c3c8ac,"정보보호 엔지니어(보안개발, 서버보안) 모집",카카오,성남 판교역,"자동화 경험이 있으신 분이 유리합니다. 지원자격 (필수) 서버 개발경험이 있으신 분 [mongdb, python, docker, bash script] Linux 플랫폼에 대한 이해가 있으신 분 내부통제 관점의 기업보안..."
abbb8df34c660e0a,"빅데이터, (AI)인공지능 외 신입/경력 인턴 (정규직전환)",스칼라웍스,서울 금천구,인공지능)>인공지능(AI)|인터넷·IT·통신·모바일·게임>빅데이터·AI(인공지능)>데이터분석|인터넷·IT·통신·모바일·게임>빅데이터·AI(인공지능)> Python|인터넷·IT·통신·모바일·게임>빅데이터·AI(인공지능)>딥러닝
640a5a16c52f319f,"드론솔루션 (아두이노, 드론제작, 3D, 드론쇼핑몰)",탱고드론,성남 분당구,"학력사항: 학력무관직무기술: 드론솔루션, 아두이노 등 임베디드SW, Python, 택배드론, 국방드론 무기체계, 드론HW제작, 원격수질측정드론, 화재... 통신·모바일·게임>응용프로그래머> Python|인터넷·IT·통신·모바일·게임..."
733b814969bff5a7,Jr. Back-end Engineer (Python),Soomgo,서울 강남구,"이런 분을 찾아요 2년 이상의 Python을 활용한 백엔드 개발 업무를 수행한 경험이 있으신 분 Django, Django Rest Framework, Flask 등의 Python web framework를 사용하여..."
597b42f515727ced,AI Research Engineer Intern,Intel,서울,optimization strategies - Programming skills with Python/C++ - Experience working with one or more deep learning frameworks...
e7c8c2b11f24fb43,Software Engineer,Google,서울,"languages, including... limited to: C++, Java, C and Python. Excellent written and verbal communication skills. About..."
14d562d10c215572,"PHP, Python 신입/경력 정규직",비즈부스터,서울 금천구,"주식회사 비즈부스터 PHP, Python 개발자 채용 모집부문 및 자격요건 담당업무 자격요건 인원 [담당업무]*당사의 서비스(비즈탑) 솔루션 및 서비... 프로그래머>PHP |인터넷·IT·통신·모바일·게임>웹프로그래머> Python"
1e974ff27c6eb340,Autonomous Driving 분야 엔지니어,포티투닷,서울 강남구,"프로그래밍 기술 (C/C++, Python 등) - 이동 로봇/드론 관련... platform 개발 경험 - 뛰어난 프로그래밍 기술 (C/C++, Python) - 3D geometry, math, physics 관련 경험 및..."
9bc007cae06378f2,"스마트팩토리, 검사 자동화/검사AI 분야 경력사원",LG이노텍,경기도 평택,"C++,Labview, R, Python 등 ) - AI 관련학과 전공 및 검사공정 AI 경력 3년이상 보유자 (딥러닝 모델설계/학습/배포, 딥러닝 성능 개선 ) - Python 언어와 딥러닝 프레임워크 (Tensorflow..."
e5448ffc7d6ecf02,FPGA 플랫폼 엔지니어 (딥러닝 하드웨어 프로세서 개발),딥엑스,성남 분당구,"사용 경험(Chip Scope/SignalTap) - Language: Python/Perl, C/C++ - Vivado 또는 Synplify 또는... SignalTap) - Language: Python/Perl, C/C++..."
54f96b3240228849,자동차 전장 ASDL-Security SW 전문가,LG전자,서울특별시,방식에 대한 이해 - Linux 사용 경험 보유 (1년 이상) - Shell Scripting 제작 또는 Python Programming 경험 우대사항 - SDL (Security Development Lifecycle...
579bd3dacc4f76e2,멀티캠퍼스 프리랜서 강사,멀티캠퍼스,서울 강남구,인공지능)>인공지능(AI)|인터넷·IT·통신·모바일·게임>빅데이터·AI(인공지능)>데이터분석|인터넷·IT·통신·모바일·게임>빅데이터·AI(인공지능)> Python|인터넷·IT·통신·모바일·게임>빅데이터·AI(인공지능)>머신러닝
e8db36eced42ee14,Python 시스템 개발 직원 채용,마스코리아,세종특별자치시,"시스템개발 영상처리 & 머신러닝 시스템 개발, 통신(TCP/IP, Serial), FTP, DB 근무지역 충남 학력:대학교(2,3년), 경력:무관, 나이:무관, 성별:무관 <본 공고는 고용정보 워크넷(http..."
2b2dcd3ffe3d53df,카카오 데이터의 가치를 발굴할 데이터 분석가 모집,카카오,성남 판교역,"기술 통계량 이해 및 해석) 데이터 분석 업무를 수행할 수 있는 언어 스킬 필수 SQL 필수 R 또는 Python을 다룰 수 있는 분 (SAS, SPSS, GA, tableau 등 통계 툴만 사용 가능한 경우 제외) 하둡..."
a50f8c582b21a83a,[데이터사이언스] 계약직,하나카드,서울 중구,모바일·게임>빅데이터·AI(인공지능)>데이터분석|인터넷·IT·통신·모바일·게임>빅데이터·AI(인공지능)> Python|인터넷·IT·통신·모바일·게임>빅데이터·AI(인공지능)>데이터마이닝|인터넷·IT·통신·모바일·게임>빅데이터...
65d17e4704beb445,네트워크 보안 담당자 채용,케이뱅크은행,서울 중학동,"정보보안기사 등 관련 자격증을 보유하신 분 - 포렌식 업무 경험 또는 관련 자격증을 보유하신 분 - Java, Python 등 프로그래밍 언어가 능숙하신 분 근무조건 [근무조건] - 근무형태 : 정규직 - 모집인원 : 명..."
f43ce6c9492e1cd0,국제시장 Analyst & Data Scientist,코리아피디에스,서울 마포구,"분석 프로그램 활용 가능자전공: 경영/경제학, 통계학, 금융/산업공학, 수학 등 관련학과석박사 학위수여자 Python으로 다양한 software 개발 경력자 0 명 근무조건 고용형태: 정규직(수습기간3개월)근무부서: 물가분석..."
87309d3ff40ead61,딥러닝 AI 개발 연구원,베이리스,성남 수정구,시스템프로그래머>임베디드(Embedded)|인터넷·IT·통신·모바일·게임>응용프로그래머>C·C++|인터넷·IT·통신·모바일·게임>응용프로그래머>Linux|인터넷·IT·통신·모바일·게임>빅데이터·AI(인공지능)> Python
69fd284e8c7ba4f1,[유연근무제] 유전체 빅데이터 사이언티스트 (신입가능),에이치앤비지노믹스,울산 울주군,"있는 열정을 가진 사람- 빅데이터, 인공지능 기반 연구수행 능력 - Python, R 프로그래밍 언어- 연구과제 기획서, 보고서 및 관련 논문 작성... 터분석|인터넷·IT·통신·모바일·게임>빅데이터·AI(인공지능)> Python"
ac9068957c550cb3,데이터 전문가(모델러/분석가/엔지니어) 모집,카카오,성남 판교역,대용량 데이터를 효율적으로 사용하기 위한 기반 데이터 가공 지원자격 데이터 사이언스를 위한 언어(R/ Python/Scala) 및 도구(scikit-learn/Spark MLlib/Tensorflow/Pytorch 등)를...
b40c2fca5a96e5b8,[AI R&D] Language AI(NLP) Research 분야 모집,엔씨소프트,성남 판교역,"분 - 통계/Machine Learning에 대한 이해와 활용 능력 및 text 처리 기술에 대한 경험 - Python, Java 등을 이용하여 NLP 기술을 구현 가능한 분 - 최신 기술(논문, 기술문서 등)을 습득하는..."
f54bac6c78fd3240,코딩에 빠진 수퍼 개발자 (펌웨어 개발),에바,성남 수정구,"학력무관직무기술: 펌웨어(Firmware), Embedded System S/W 개발(판교) c/c++, Python 3 명 근무조건 고용형태: 정규직근무부서: 개발팀급여조건: 연봉 협의 후 결정 전형단계 및 제출서류 전형단..."
063d50b144e460e7,침해분석대응 (CERT) 인력 모집,엔씨소프트,성남 판교역,"보안솔루션 및 보안장비 구축 및 운영 경험 - 자동화 등 업무 중 필요한 기능을 직접 개발 (Java, Python 등) 경험 - 정보보안 관련 다양한 지식/기술 (서버, 네트워크, DB, 어플리케이션 등) 을 보유 2..."
63aa7316b1a84843,네트워크 담당자 영입,카카오페이증권,성남 분당구,응용프로그래머>클라우드|인터넷·IT·통신·모바일·게임>네트워크·서버·보안>네트워크구축·운영·관리|인터넷·IT·통신·모바일·게임>네트워크·서버·보안>TCP·IP·IPX|인터넷·IT·통신·모바일·게임>웹프로그래머> Python
2615573761265171,[전문연구요원] Software Engineer,Upstage,경기도 용인,"사항: 관련 분야 석사 학위 하나 이상의 프로그래밍 언어에 능숙하신 개발자(예: Java, C/C++, Python, Ruby, JavaScript) 클라우드 컴퓨팅 솔루션 경험(예: AWS, GCP) 관계형 데이터베이스..."
660c1163590c7d91,생명과학사업본부 DX분야 경력사원 (마곡),LG화학,서울 강서구,"영업/마케팅 부서와 협업하여 DX 니즈 파악 및 과제 발굴 3) DX 과제 수행 및 관리 역량요건 - Python 및 Machine Learning Framework (Keras, Tensorflow, PyTorch 등..."
864be0963e8989bd,"소프트웨어, Python 경력 정규직",이노반트테크놀로지스,서울 강남구,자유롭게 연락을 주시면 더 자세한 정보를 드리도록 하겠습니다. Job description은 인터넷·IT·통신·모바일·게임>소프트웨어·하드웨어>소프트웨어|인터넷·IT·통신·모바일·게임>빅데이터·AI(인공지능)> Python
a98eb9cf76d8f726,"웹프로그래머/Python/SQL DB/WebRTC/CSS,PHP etc 신입/경력 정규직",리쉐니에,수원 영통구,"연구빅데이터분석 및 AI개발 Python , WebRTC 프로그램개발현장... 및 AI개발, Python / WebRTC프로그램개발[우대사항]전공계열: 공학계열자격증: Python, Python 교육이수자, 빅데이터, 스마트공장..."
19da3484bd7a72f1,Machine Learning R&D 연구원,카이어,서울 서초구,"가능) ㆍ최신 딥러닝, 기계학습 이론에 대한 이해 및 구현 역량 ㆍ Python, TnsorFlow, C/C++, TensorRT 등 프로그래밍 실무... 대한 이해 및 구현 역량 ㆍ Python, TnsorFlow, C/C++..."
b794e13ddff54ebb,"인공지능(AI),자바스크립트,백엔드,프론트엔드,Python 인턴 신입/경",코그콤 관심기업,서울 양재동,"근무조건 인턴 급여 면접후 결정 지원자격 신입, 경력 2년 이상 undefined 학력무관 기업정보 2020년 설립(업력 2년) 사원 5명 비상장 중소기업 상세보기 담당업무 담당업무 자격요건 인원 - 개발/연구..."
9697ddf8f38060fa,QUANTUM.AI 개발팀 정규직 (백엔드),퀸텀에이아이,서울 금천구,"직책: 팀원, 팀장 [자격요건]경력사항: 신입, 경력(연차무관)학력사항: 학력무관직무기술: 웹프로그래밍, Python, 앱 백엔드 개발자 (Django/MySQL/AWS)우대사항- AI 관련 서비스 개발 경험 0 명 근무조건..."
2c6f181649e324dd,SW engineer intern,Intel,서울,"nationals with valid residential status in Korea. - Fluent in Python, shell scripts and C/C++. - Fluent in JavaScript, HTML..."
662beff5f293820b,AR/VR SDK 개발자 모집,카카오,성남 판교역,"iOS 및 PC/Web 플랫폼향 API 개발 (C++, Java/Kotlin, ObjC/Swift, Python, Javascript) 멀티플랫폼 패키징 및 배포시스템 개발, 유지보수 모바일 최적화 및 플랫폼 이슈 대응..."
660c1163590c7d91,생명과학사업본부 DX분야 경력사원 (마곡),LG화학,서울 강서구,"영업/마케팅 부서와 협업하여 DX 니즈 파악 및 과제 발굴 3) DX 과제 수행 및 관리 역량요건 - Python 및 Machine Learning Framework (Keras, Tensorflow, PyTorch 등..."
c80b67aa02a7b226,인공지능연구소 우수인력 초빙 - 연구원 및 연구관리직 -,광주과학기술원,광주 북구,"기술 컴퓨터사이언스, 머신러닝, 컴파일러, 자연언어 처리, 네트워킹, 지능형 센서 관련 지식 Python/Java/C++/Web/App/API 프로그래밍, 딥러닝, 자연어처리, TCP/IP 등에 대한 지식 필요기술..."
8eca4fd96e77ca9c,CS Field Application Engineer,ASML,대한민국,"skills 분석적 사고를 바탕으로한 문제해결 능력 기술적 분석을 위한 script 활용 능력(Matlab, Python) 등 영어 의사소통 능력을 갖춘 자 *Location: 화성, 평택, 이천 *중복 지원 불가"
df21e3bb5d773616,Python Programmer,Mofac,서울 서초구,개발 – JAVA 프로그래밍(라이브러리 활용) – Spring 프레임 워크 개발 – Python API 프로그래밍 우대사항 – Python 개발 경험 – Open Source 라이브러리 개발경험 – Web 표준에 대한 경험...
7abc40bcaebd62cd,[Audit] IA본부 시스템 데이터 분석 전문가 채용,삼정 KPMG,서울 강남구,"이상의 유관 경력 - ERP 운영/개발 유경험자(SAP FI, MM, SD 모듈 추가 우대) - SQL, Python 등을 활용한 Big data 분석 유경험자 - 회계자격증(회계사-국내/해외, 공인내부감사사 등), IT관련..."
71c47ac87bb4087e,기술 인턴 인공지능 응용 연구/개발 인턴,써로마인드로보틱스,서울 관악구,"6개월) (협의) *모집 절차: 서류 à인터뷰(오프라인) *지원 자격: 프로그래밍 언어 활용 능력: Python, C, C++ 중 1가지 이상 데이터구조, 알고리즘 과목 이수 머신러닝과 딥러닝의 기본 개념 이해 머신러닝..."
6f4889537af98046,데이터 사이언티스트 및 엔지니어,NHN,성남 판교역,"및 데이터 분석 관련 언어(R, Python, SQL 등)의 능숙한 활용... Hadoop 에코 시스템을 통한 데이터 처리 플랫폼 개발 가능 - Python, Java, SQL 활용 능숙 - 오픈소스 학습 및 활용 역량..."
b3c24f518c4e0487,데이터 분석 기획 모집,엔씨소프트,성남 판교역,"이터를 통한 Insight 경험 등 분석기획 보유자 데이터 분석에 필요한 Tool 가능자 (SQL, R, Python 등) 제출서류 필수 제출서류 없음 전형단계 서류전형 1차 면접 NC TEST 2차 면접 처우협의 입사 도움..."
700c2b10e7c58d38,Operations Project Manager_Python,Edwards Korea Ltd,충청남도 천안,The Semiconductor division is a growing business... implementation... operational strategy is critical... future...
a50f8c582b21a83a,[데이터사이언스] 계약직,하나카드,서울 중구,모바일·게임>빅데이터·AI(인공지능)>데이터분석|인터넷·IT·통신·모바일·게임>빅데이터·AI(인공지능)> Python|인터넷·IT·통신·모바일·게임>빅데이터·AI(인공지능)>데이터마이닝|인터넷·IT·통신·모바일·게임>빅데이터...
d17da0baecf05910,데이터 분야 경력,LG CNS,서울,"해가 뛰어난 자 - R, Python, SAS, SQL 등 활용 역량 우대사항(해당 내용 중 1개 이상) - ML/DL 경험 인력 우대 - 관련 분야 석사 이상 학위 소지자 우대 - R, Python등 데이터분석 모델링 경험..."
9095f0adc459c972,[TmaxAI/R&D] NLP(자연어음성) 부문 개발 신입 및 경력,티맥스소프트,성남 분당구,"Spring / MySQL, Oracle, Tibero 등의 DB 개발 경험) - 음성/자연어처리 AI ( python) 우대사항 [프론트] - UX 기획 및 개발 유경험자 - react 개발 유경험자 - Git 및 형상관리..."
55a19c92c845685e,Developer / Designer recruit,마이뮤직테이스트,서울 논현동,"language (i.e Python, Ruby, Java, .Net... High proficiency in Python... knowledge... least one Python web framework..."
e683f6a97bdd95b0,리스크관리부 경력직 (연장),IBK투자증권,대한민국,"리스크관리방안 수립 - 장외파생상품 관련 한도, 일별 손익 등 모니터링 필요역량 - 프로그래밍 언어(C/ Python 등)를 이용한 장외파생상품 Pricing Skill 보유자 - 장외파생상품 및 시장리스크 관련 지식 보유자..."
60897e7668c2f24c,LINE Desktop Client 개발,LINE Plus corporation,대한민국,발부터 배포까지 다양한 경험을 쌓으신 분 FFmpeg 소스 구조를 이해하고 능숙하게 이용할 줄 아시는 분 Python 스크립트를 능숙하게 다룰 줄 아시는 분 근무지 서현역 분당스퀘어 (※ 본 포지션은 협의에 따라 Remote...
3bd2a100f97fbbc3,[기업부설연구소] 개발 관리 정규직 연구원,현대에이아이티,충청남도 아산,"3년)졸업 이상직무기술 : AWS, 웹솔루션 개발자 채용 (JAVA/ Python)[우대사항]전공계열 : 공학계열자격증 : 정보처리기능사, AWS 0... 프로그래머>JAVA|인터넷·IT·통신·모바일·게임>웹프로그래머> Python"
9697ddf8f38060fa,QUANTUM.AI 개발팀 정규직 (백엔드),퀸텀에이아이,서울 금천구,"직책: 팀원, 팀장 [자격요건]경력사항: 신입, 경력(연차무관)학력사항: 학력무관직무기술: 웹프로그래밍, Python, 앱 백엔드 개발자 (Django/MySQL/AWS)우대사항- AI 관련 서비스 개발 경험 0 명 근무조건..."
dbe3257e487e5814,[AI/Lab] AI 백엔드 엔지니어 (전문연구요원 가능),버즈니,서울,"플랫폼 및 시스템 구축 이런 분을 찾습니다 주도적으로 문제를 찾고, 해결할 수 있는 능력을 보유하신 분 Python 사용 경험이 있으신 분 다음 항목 중 두 가지 이상에 해당되는 분 AWS 혹은 GCP와 같은 클라우드 플랫폼..."
8c32b5db8ab28c7d,"[광고 추천] 데이터 과학자, 기계학습(머신러닝) 전문가 모집",카카오,성남 판교역,"학습(머신러닝), 딥러닝에 관한 지식과 경험이 풍부한 분 하나 이상의 프로그래밍 언어에 능통한 분 (예, Python, R, Java, Scala, C/C++, Golang 등) 단, 주니어는 기계학습 기초 지식과 개발 역량..."
da5085b75920acb3,(주)아이옵스 항공우주분야,아이옵스,대전 유성구,궤도역학[우대사항]ㆍ정보처리기사 등 관련 자격증 소지자 ㆍ인공위성 궤도분석 및 비행역학 유경험자ㆍC/C++/ Python 활용 가능자ㆍ영어 가능자 0 명 근무조건 고용형태 : 정규직(수습기간3개월)급여조건 : 급여 협의근무지역...
5e7dc1196f13b938,"NAVER, LINE 서비스 플랫폼 운영",NIT Service,성남 삼평동,"트래킹, 장애처리, 플랫폼운영 자동화(shell scripts or Python 이용) - 기술문서 작성 및 가이드(NAVER 그룹사 내) [지원... Web/Was, DB운영 경험 - Python 중급 수준 - 국가보훈대..."
67b36859e9bd0d7c,알고리즘/퀀트 전략 개발자,쿼터백자산운용,대한민국,같은 경험이 있는 분을 우대합니다. ㆍ금융기관에서 알고리즘 혹은 퀀트 투자 관련 경력 (2년 이상) ㆍ Python을 활용한 업무 혹은 논문 작업 경험 ㆍ개별 주식 모델 혹은 자산 배분 모델 구축 경험 ㆍ프로젝트 기반 협업...
864be0963e8989bd,"소프트웨어, Python 경력 정규직",이노반트테크놀로지스,서울 강남구,자유롭게 연락을 주시면 더 자세한 정보를 드리도록 하겠습니다. Job description은 인터넷·IT·통신·모바일·게임>소프트웨어·하드웨어>소프트웨어|인터넷·IT·통신·모바일·게임>빅데이터·AI(인공지능)> Python
c91975c7e37161c3,[메디픽셀] Research Engineer on Medical Imaging 정규직,메디픽셀,서울 마포구,"학력무관직무기술: VISUALC++, 응용프로그래밍, C·C++, Python, AI개발 2 명 근무조건 고용형태: 정규직(수습기간3개월)근무부서... 머신러닝(ML)|인터넷·IT·통신·모바일·게임>응용프로그래머> Python"
a0770e80fcbbd5c2,KAIST 문화기술연구소 비주얼미디어연구실(노준용 교수) 연수연구원 및 위촉연구원 모집 공고,카이스트,대전 유성구,"구원 ] - 임용일 기준 컴퓨터그래픽스 및 비전 분야 박사 학위 소지자 - 컴퓨터 프로그래밍 가능자 (C++, Python 등 ) ※ 콘텐츠 제작 플랫폼 및 프로그램 개발을 위한 논문 구현 , 알고리즘 연구개발이 주 업무임에..."
466547f7a5577282,자유롭게 소통하며 함께 일할 IT/SW 개발팀 정규직,헤븐트리,경상북도 경산,"AWS, 네이버 클라우드 등)을 활용한 설계, 개발, 운용 경험 - Python을 이용한 데이터 처리 및 AI 개발 경험 - OpenCV를 이용한... 용한 설계, 개발, 운용 경험- Python을 이용한 데이터 처리 및 AI..."
b78fa0f5f9265ca1,[SPMED] IT 개발자,에스피메드,부산 북구,JAVA|인터넷·IT·통신·모바일·게임>웹프로그래머>웹개발|인터넷·IT·통신·모바일·게임>웹프로그래머>백엔드|인터넷·IT·통신·모바일·게임>웹프로그래머> Python|인터넷·IT·통신·모바일·게임>데이터베이스·DBA>MySQL
5c53fa993648eafe,서비스 데이터 분석가 모집,엔씨소프트,성남 판교역,"여러 의사결정에 뒷받침되는 로그 데이터 설계 및 분석 - SQL, Python 등을 활용한 서비스 로그 데이터 핸들링 및 인사이트 도출 2) 지표... 경험이 있으신 분 - SQL, Python 등 데이터 분석에 필요한 언어에..."
35f0a25dee5f3312,딥러닝 알고리즘 및 응용 Engineer,딥엑스,성남 분당구,모바일·게임>빅데이터·AI(인공지능)>인공지능(AI)|인터넷·IT·통신·모바일·게임>빅데이터·AI(인공지능)> Python|인터넷·IT·통신·모바일·게임>빅데이터·AI(인공지능)>머신러닝|인터넷·IT·통신·모바일·게임>빅데이터...
752a4b5d63eac97c,Sr. Back-end Engineer (Python),Soomgo,서울 강남구,"관리합니다. 개발 언어 : Python 개발 환경 및 도구 : Django... 이상의 백엔드 개발 경험, 또는 이에 준하는 역량을 가지신 분 Python 및 Python web framework를 활용한 백엔드 개발에 거부감이..."
941687b6bbb14d81,웹 개발자 경력 Java/Php/Javascript/Python/Html/CSS 등 프로젝트 경력자,바이오브레인,대전 서구,"(주)바이오브레인 웹 개발자 경력 채용 모집부문 및 자격요건 담당업무 자격요건 인원 [담당업무] ㆍ웹 기반 프로젝트 개발 및 운영 [근무부서 및 직급/직책] 직급/직책: 대리 [자격요건] ㆍJava, Php..."
e094a5757d9e4668,소프트웨어 개발 인원 채용,에스티아트,전주 효자동2가,소프트웨어개발 Python Program 개발 및 NAS 활용을 통한... 가전제품 수리업 모집요강 IT 기술지원 전문가 직무내용 Python Program 개발 및 NAS 활용을 통한 전산프로그램 연동 고용형태...
7dbaa95d22eacd29,"웹개발, 백엔드 외 경력 정규직",아이티엔제이,울산 남구,"경력(4년 이상 ) 학력사항: 대학교(4년)졸업 이상 직무기술: 웹프로그래밍, 응용프로그램개발, JAVA, PYTHON 기타: ㆍ다양한 업무를 신속하게 이해하고 도식화 할 수 있는 분 ㆍ고객의 소리를 듣는 귀가 지혜 있는..."
a98eb9cf76d8f726,"웹프로그래머/Python/SQL DB/WebRTC/CSS,PHP etc 신입/경력 정규직",리쉐니에,수원 영통구,"연구빅데이터분석 및 AI개발 Python , WebRTC 프로그램개발현장... 및 AI개발, Python / WebRTC프로그램개발[우대사항]전공계열: 공학계열자격증: Python, Python 교육이수자, 빅데이터, 스마트공장..."
9adbc290202846e1,[아이브릭스] 기업부설연구소 전문연구요원,아이브릭스,성남 분당구,모바일·게임>응용프로그래머>JAVA|인터넷·IT·통신·모바일·게임>응용프로그래머>자바스크립트|인터넷·IT·통신·모바일·게임>빅데이터·AI(인공지능)>머신러닝|인터넷·IT·통신·모바일·게임>빅데이터·AI(인공지능)> Python
84fd9f9deb6105b0,"웹개발, Python 외 신입/경력 계약직",쿠바로엠앤씨,서울 강서구,"주식회사 쿠바로엠앤씨 웹개발, Python 외 신입/경력 계약직 채용 모집... 게임>웹프로그래머>웹개발|인터넷·IT·통신·모바일·게임>웹프로그래머> Python|인터넷·IT·통신·모바일·게임>웹프로그래머>백엔드|인터넷·IT·통신..."
53fbfe54f327d9dc,AI Software Engineer,GE Appliances,경기도 성남,"TensorFlow 5+ years of programming experience in Python, C/C++ and MATLAB Experience working with other developers using Git..."
2170d6b3d4399382,[동화기업] 신입사원 채용,동화그룹,인천 가좌동,"공학, 수학, 통계학 전공 ㆍ데이터 분석 프로젝트 경험 보유자 우대사항 ㆍ분석 tool 사용 역량 보유자 ( Python, R, Scala 중 하나 이상) ㆍ인공지능 관련 최신 논문/기술 파악 가능자 여의도 데이터 엔지니..."
2cfd15907402c5cc,DGIST 제2차 계약직 연구원 채용공고,대구경북과학기술원,대구 현풍면,천원 이내 수행 내용 Machine learning (Deep learning) 알고리즘 개발 Python/Tensorflow 프로그래밍 Matlab/simulink 모의실험 자율주행 자동차 혹은 전문 서비...
6ad55e06021ddccb,MongoDB Engineer 모집,카카오,성남 판교역,"수정 및 적용하여 운영해본 경험이 있는 분 C/C++ 또는 Python 언어를 이용한 프로그램 개발(프로젝트) 경험이 있는 분 Golang, Python, Java등으로 API 기반 서비스 개발이 가능한 분 Openstack..."
f80e3683e51edd56,펌웨어&어플리케이션 S/W 경력자 정규직,TPC메카트로닉스,인천,"자격요건]- 경력사항: 경력 (5년 이상 )- 학력사항: 초대졸 이상- 필요역량 1) C, C#, C++, Python 언어 코딩 능력 보유 2) Open Source 분석 능력 보유 , API 개발 경험 3) 통신 (TCP..."
d8a8869ab092f731,데이터 엔지니어 및 사이언티스트,카카오,성남 판교역,"등 데이터 엔지니어와 사이언티스트의 업무를 경계 없이 수행하게 됩니다. 지원자격 개발 경력 3년 이상 Python, Scala, Java, C++ 중 하나 이상의 언어에 능통 SQL 또는 HiveQL에 능통 대용량 데이..."
bea34fbb2f401c90,Machine Learning Engineer (LINE TIMELINE),LINE Plus corporation,대한민국,"사용자 임베딩을 생성하여 추천에 활용합니다. Jupyter 환경에서 Python, Spark, Pyspark 등을 활용하여 데이터 분석하고 모델링... 대용량 데이터 처리 프레임워크와 Python, SQL 등의 언어를 능숙하게..."
43f8edb38c7888c7,[위메프오] 서버개발자,위메프,대한민국,"데이터베이스 분산설계 및 미들웨어 개발 [자격사항] - 서버 프로그래밍 언어(PHP, Go, C/C++, Python, Java) 중 1개 이상 사용이 가능한 분 - 자료구조, 알고리즘, 분산처리 등 SW관련 기본지식 보유..."
aac8e9355cb855ac,[인재풀] 아티스트,Electronic Arts,서울,Maya or 3D Max등의 아트웍 툴 사용 경험 Max script 또는 Mel Script의 사용 경험 C# 또는 Python 언어에 대한 이해 및 활용 능력 아트웍 관련 툴 제작 또는 플러그인 제작 경험
754737c9e1297d2a,코아시아넥셀 시스템반도체 디자인/검증 엔지니어,코아시아넥셀,서울 송파구,통신·모바일·게임>소프트웨어·하드웨어>하드웨어|인터넷·IT·통신·모바일·게임>소프트웨어·하드웨어>FPGA|인터넷·IT·통신·모바일·게임>응용프로그래머>C·C++|인터넷·IT·통신·모바일·게임>응용프로그래머> Python
19da3484bd7a72f1,Machine Learning R&D 연구원,카이어,서울 서초구,"가능) ㆍ최신 딥러닝, 기계학습 이론에 대한 이해 및 구현 역량 ㆍ Python, TnsorFlow, C/C++, TensorRT 등 프로그래밍 실무... 대한 이해 및 구현 역량 ㆍ Python, TnsorFlow, C/C++..."
a64e1e21f61265ce,각 분야별 인재 Pool 등록,지투알,서울,"자 - 데이터 분석 툴(Adobe Analytics 또는 Google Analytics) 유경험자 우대 - Python, R, SQL 역량 보유자 우대 - 데이터에 기반한 문제해결 능력 및 통계학적 지식 보유자 우대 - 담당..."
85ee1231378756a5,[ 부산 IT 취업 교육 ] 자바(JAVA) 스프링(SPRING) 웹 개발자 양성,아이티윌 부산교육센터,부산 부산진구,통신·모바일·게임>웹프로그래머>백엔드|인터넷·IT·통신·모바일·게임>응용프로그래머>Android|인터넷·IT·통신·모바일·게임>빅데이터·AI(인공지능)> Python|인터넷·IT·통신·모바일·게임>빅데이터·AI(인공지능)>R
441d45a99d2ff14d,"[데이터 분석가, 데이터 사이언티스트 (신입/경력)]",인피니그루,서울 성동구,"Data 분석관련 알고리즘에 대한 이해를 바탕으로 실Data 기반 분석 경험 및 분석가능 능력ㆍSQL, Python 등의 통계 및 분석 능력ㆍ적극적이고 긍정적인 마인드를 가지신 분 인터넷·IT·통신·모바일·게임>빅데이터..."
02de44d20c11b092,블록체인 기술 소프트웨어 개발자,LG전자,서울 서초구,"블록체인 기술 활용 앱/웹/서버 소프트웨어 개발 2. 필요역량 및 경험 - Backend ( nodejs, python, AWS 등), 블록체인 코어 기술, 블록체인 스마트컨트랙트, 앱(Android java 또는 iOS..."
3cf01580ba5eb23a,NLP Researcher,AITRICS,서울,"Stacks [Back-end] Language: python, golang Python Framework: Django, Bottle [Front... Language: python, golang Python Framework..."
51d1df9a3cfbe418,(주)엘솔루 R&D본부 ASR팀 개발직,㈜엘솔루,서울,"제공 [필수사항] ㆍ프로그래밍에 재능 및 열정이 있는 자 ㆍJava, Python 중 하나 이상의 언어사용자 ㆍWeb 개발능력 ㆍ리눅스 사용 경험자... 머신러닝(ML)|인터넷·IT·통신·모바일·게임>응용프로그래머> Python"
5c53fa993648eafe,서비스 데이터 분석가 모집,엔씨소프트,성남 판교역,"여러 의사결정에 뒷받침되는 로그 데이터 설계 및 분석 - SQL, Python 등을 활용한 서비스 로그 데이터 핸들링 및 인사이트 도출 2) 지표... 경험이 있으신 분 - SQL, Python 등 데이터 분석에 필요한 언어에..."
60897e7668c2f24c,LINE Desktop Client 개발,LINE Plus corporation,대한민국,발부터 배포까지 다양한 경험을 쌓으신 분 FFmpeg 소스 구조를 이해하고 능숙하게 이용할 줄 아시는 분 Python 스크립트를 능숙하게 다룰 줄 아시는 분 근무지 서현역 분당스퀘어 (※ 본 포지션은 협의에 따라 Remote...
d3d33eafc5f2c0ac,데이터인사이트팀 Data scientist 직무 경력직,LG전자,서울특별시,"설계 / 검증 - 관련 직무 경력 5년 이상 ㆍ역량 요건 - 데이터마이닝 및 분석 기술/SQ,L, R, Python 등 활용 능력 보유 - AI / ML 이해 및 관련 라이브러리 활용, 알고리즘 개발 역량 보유 - Big..."
5541804467a89223,Market Intelligence 담당자 (3년 이상),딜리버리히어로코리아,서울 서초구,"유연하고 능동적 마인드를 지니신 분 우대 조건 통계 분석 및 프로그래밍 언어 역량을 보유하신 분 (R, python, Java, SPSS, Tableau, etc.)애널리틱스 역량: 데이터를 통해 트렌드, 패턴, 인사이트를..."
5b2574aec8e1d083,딥러닝 개발자 정규직,바이오에이아이,서울 강남구,"라우드 기반 인프라 활용 - 데이터 수집, 전처리, 통합 자격 조건 - 데이터, 딥러닝 분야에 대한 이해 - Python 코딩능력 - 리눅스 사용 경험 우대 사항 - 영어 리딩 능력 - 의약분야 프로젝트 경험 - 플랫폼개발에..."
45f9a39bdf645e57,기술혁신센터 경력사원,삼성SDI,충청남도 천안,"OHT 등) 천안 컴퓨터/시스템 전기/전자 기계/산공 *전문지식 - Java, C#, C++, Python - Oracle (PL/SQL) - Automod, VisualComponent - 통신프로그래밍..."
462494a4e0cbc551,[펜타시큐리티] 보안S/W 개발자 (웹/인증/DB/신기술),펜타시큐리티시스템,서울 영등포구,인터넷·IT·통신·모바일·게임>웹프로그래머>JAVA|인터넷·IT·통신·모바일·게임>웹프로그래머> Python|인터넷·IT·통신·모바일·게임>응용프로그래머>C·C++|인터넷·IT·통신·모바일·게임>응용프로그래머>JAVA|인터넷...
5e7dc1196f13b938,"NAVER, LINE 서비스 플랫폼 운영",NIT Service,성남 삼평동,"트래킹, 장애처리, 플랫폼운영 자동화(shell scripts or Python 이용) - 기술문서 작성 및 가이드(NAVER 그룹사 내) [지원... Web/Was, DB운영 경험 - Python 중급 수준 - 국가보훈대..."
700c2b10e7c58d38,Operations Project Manager_Python,Edwards Korea Ltd,충청남도 천안,The Semiconductor division is a growing business... implementation... operational strategy is critical... future...
ae185a03d7b8f71e,"사물인터넷(IoT) 개발, 메카트로닉스 외 신입/경력 정규직",리쉐니에,수원 영통구,"연구 빅데이터분석 및 AI개발 Python , WebRTC 프로그램개발... AI개발, Python / WebRTC프로그램개발 [우대사항] 전공계열: 공학계열 자격증: Python, Python 교육이수자, 빅데이터, 스마트공..."
43f8edb38c7888c7,[위메프오] 서버개발자,위메프,대한민국,"데이터베이스 분산설계 및 미들웨어 개발 [자격사항] - 서버 프로그래밍 언어(PHP, Go, C/C++, Python, Java) 중 1개 이상 사용이 가능한 분 - 자료구조, 알고리즘, 분산처리 등 SW관련 기본지식 보유..."
56add096e14a7879,AI 연구 및 개발 직군 모집,넷마블,서울 구로구,"위한 엔지니어링 - 서비스 개발을 위한 클라우드/ Rest-API / 웹서비스 구축 등 자격요건 - Python에 능숙하고 C/C++ , C#등 언어에 대한 활용능력 - 딥러닝 프레임워크 사용 가능 (Pytorch 혹은..."
c4145dce440c02f8,[전문연구요원 신규편입/전직] SW Engineer/Backend/Frontend 개발자,뷰노코리아,서울 서초구,백엔드|인터넷·IT·통신·모바일·게임>웹프로그래머>프론트엔드|인터넷·IT·통신·모바일·게임>웹프로그래머> Python|인터넷·IT·통신·모바일·게임>응용프로그래머>Linux|인터넷·IT·통신·모바일·게임>응용프로그래머>인공지능...
f80e3683e51edd56,펌웨어&어플리케이션 S/W 경력자 정규직,TPC메카트로닉스,인천,"자격요건]- 경력사항: 경력 (5년 이상 )- 학력사항: 초대졸 이상- 필요역량 1) C, C#, C++, Python 언어 코딩 능력 보유 2) Open Source 분석 능력 보유 , API 개발 경험 3) 통신 (TCP..."
97022d0619d47329,(주)풀무원 빅데이터 활용 분석/AI 전문가 채용,풀무원,서울특별시,"지원 (교육 및 프로젝트 지원) 필요역량 및 지원자격 [자격요건] 프로그램 언어 활용 능력 (R, Python, SQL 등) 데이터 기반 업무 분석 및 이해 역량 분석 자료 프리젠테이션 문서 작성 역량 관련 경력 3..."
8fa17c6073918c5b,[경력] 하둡 플랫폼 서비스 개발자 모집,카카오,성남 판교역,"에 대한 기본 지식 Hadoop/ecosystem 활용/개발 경험 3년 이상 Java 필수, 그 외 Python, Ruby 중 1개 이상 언어로 개발 가능 Web framework를 이용한 서비스 개발 경험 우대 자격..."
6ad55e06021ddccb,MongoDB Engineer 모집,카카오,성남 판교역,"수정 및 적용하여 운영해본 경험이 있는 분 C/C++ 또는 Python 언어를 이용한 프로그램 개발(프로젝트) 경험이 있는 분 Golang, Python, Java등으로 API 기반 서비스 개발이 가능한 분 Openstack..."
016de9bb83a8032d,JR0186078 AI Research Engineer Intern,인텔코리아,서울,"architectures, and optimization strategiesProgramming skills with Python/C++Experience working with one or more deep learning..."
c5a2d1029018e4ba,Expat: Experimental Physicist Tuning and Monitoring,IMS Nanofabrication,경기도 화성,Experience in using office programs and Unix (Linux) Python and Jira experience is preferred. Deliberate and organized work...
a0770e80fcbbd5c2,KAIST 문화기술연구소 비주얼미디어연구실(노준용 교수) 연수연구원 및 위촉연구원 모집 공고,카이스트,대전 유성구,"구원 ] - 임용일 기준 컴퓨터그래픽스 및 비전 분야 박사 학위 소지자 - 컴퓨터 프로그래밍 가능자 (C++, Python 등 ) ※ 콘텐츠 제작 플랫폼 및 프로그램 개발을 위한 논문 구현 , 알고리즘 연구개발이 주 업무임에..."
3e1b8e1243910f18,eBeam System Engineer for R&D Extension Korea,Applied Materials Inc.,경기도 화성,"organizations Capability & programing experience with MATLAB, Python, etc. Qualifications Education: Bachelor's Degree..."
bc5131eb1f2981cb,이공지능(AI) / 딥러닝 / Computer Vision 경력자 정규직,더블미코리아,서울 서초구,관련분야 석사 학위 이상 또는 개발 경험 2년 이상 • C++ / Python / OpenCV 개발 경험 [우대사항] • 딥러닝/컴퓨터버젼 관련... 통신·모바일·게임>응용프로그래머> Python|인터넷·IT·통신·모바일·게임...
e0e37aaebc73dde3,지표구축,아프리카TV,경기도 성남,"대시보드 플랫폼의 활용이 가능하신분 - 새로운 서비스 출시후 모니터링이나 트랜드 확인이 가능하도록 설계나 지원이 가능하신분 - SQL,Excel,R, Python 등을 이용하여 데이터 추출 또는 분석이 가능하신 분"
be6c1f03fa566f8e,추천 시스템 연구/개발,카카오,성남 판교역,"분야 석사 또는 박사 학위 소지자 적어도 하나 이상의 능숙한 프로그래밍 언어가 있으신 분 우대사항 Python, C++, GPU 프로그래밍 숙련자 TensorFlow, PyTorch, implicit 등 머신러닝/추천..."
07375dc4e800dfa9,추천 시스템 소프트웨어 엔지니어,카카오,성남 판교역,"관련 업무 경험자 우대사항 운영체제, 네트워크, 컴파일러, 데이터베이스에 대한 이해가 깊으신 분 Python, C++, GPU 프로그래밍 숙련자 대용량/실시간 서비스 개발/운영 경험이 많으신 분 ICPC/TopCoder..."
d39d5624bfcc6b01,인사분야 신입사원 모집,GS칼텍스,서울 역삼동,"기획 • 전공무관 (상경계열 전공 우대) Trading • 전공무관 (상경/화공계열 전공 우대) • Python, VBA 등 코딩 능숙자 우대 재무(회계) • 전공무관 (재무관리/파생상품 관련 전공 우대) 구매..."
a36b547d3f9ccf46,"Graduate Analyst, Global Market",Société Générale,서울,propose new ideas Good coding skills (for example VBA... Python... plus Excellent command of English Application...
add880a19f345249,"Customer Engineer, Machine Learning, Google Cloud Customers",Google,서울,"Caffe, as well as numerical programming frameworks... Python or MATLAB. Preferred qualifications: Master's degree..."
afd757e2243175cb,금융 AI 기술 연구 개발자 모집,엔씨소프트,성남 판교역,"및 연구/문제 해결 능력 - Python 언어에 능숙하신 분 2. 해당직... Recognition, Data/Text Mining 경험 보유 - Python, SQL 활용 우대사항 - AI 관련 전공자 - 금융 도메인에 대한..."
22fd5b99c266e7b9,Operations Associate - Remote - Crypto/Fintech,Kraken Digital Asset Exchange,서울•원격 근무,Strong numeracy skills * Good working knowledge of Excel * Python and SQL knowledge a nice to have * Experience working...
2cfd15907402c5cc,DGIST 제2차 계약직 연구원 채용공고,대구경북과학기술원,대구 현풍면,천원 이내 수행 내용 Machine learning (Deep learning) 알고리즘 개발 Python/Tensorflow 프로그래밍 Matlab/simulink 모의실험 자율주행 자동차 혹은 전문 서비...
bc166941018ab5ab,"Engr, Apps Dev 3",KLA-Tencor,경기도 화성,"working effectively with different cultures. Matlab/ Python experience is a plus. We offer a competitive, family friendly..."
1399ee2f387a27dd,카카오 전체의 계정 플랫폼을 만들 서버개발자 모집,카카오,성남 판교역,"를 사용한 웹어플리케이션 개발 하둡 에코시스템을 활용한 대용량 데이터 처리 Ruby on Rails, Python 을 사용한 개발 Kafka, Redis, Elastic Search 등을 활용한 개발 함께 성장하고 싶다면..."
340fa2d2204cf879,"Cloud AI Engineer, Professional Services",Google,서울,"Experience writing software in one or more languages... Python, Scala, R... similar. Experience building machine..."
9c79e7f6f10334ba,고려해운(주) DT 신입/경력사원,고려해운,서울 중구,통신·모바일·게임>빅데이터·AI(인공지능)> Python|인터넷·IT·통신·모바일·게임>ERP·시스템분석·설계>데이터분석|인터넷·IT·통신·모바일·게임>응용프로그래머> Python|인터넷·IT·통신·모바일·게임>데이터베이스...
bea34fbb2f401c90,Machine Learning Engineer (LINE TIMELINE),LINE Plus corporation,대한민국,"사용자 임베딩을 생성하여 추천에 활용합니다. Jupyter 환경에서 Python, Spark, Pyspark 등을 활용하여 데이터 분석하고 모델링... 대용량 데이터 처리 프레임워크와 Python, SQL 등의 언어를 능숙하게..."
29215464b7465a4d,[신사업부문] Test Engineer (테스트 엔지니어) 경력채용,한화그룹,서울,"높은 이해 • Selenium 등 테스트 자동화 툴 / 프레임워크 사용경험 • Java, Node.js, Python 등 테스트 자동화를 위한 개발 능력 • 논리적 사고와 문제 분석 및 해결 능력 • 동료들과 적극적이고 원활..."
2c9881cb774bd9d3,Support Escalation Engineer,Microsoft,서울,"debugging experience (C/C++/C#, Python, Node.JS, etc.) Azure Application... experience (C/C++/C#, Python, Java, Node..."
76ef0d2df960b0f6,"Student Training in Engineering Program, 2021, People with D...",Google,서울,"Science or a related field. Programming experience in Java, Python, C... C++. Available... 12 week internship from..."
4124ae4b678283f7,[블레이드 앤 소울] 툴 프로그래머 모집,엔씨소프트,성남 판교역,"실패 포인트를 미리 대응한다. 지원자격 학력 : 무관 경력기간 : 2년 ~ 필수조건 1.C++, C#, Python 언어에 대한 이해 2.기본적인 툴 개발 지식 3.프로그래밍 기본 소양 우대사항 1.사용자 친화적인 마인드..."
1d0e51e2e431995b,[농심ENG] 신입/경력사원 정기채용,농심그룹,서울 신대방동,"프로세싱 알고리즘 개발 경험자 - Open CV, Halcon, Python 사용자 - Vision SW 개발 경험자 - Deep Learning... Open CV, Halcon, Python 사용자 - Vision SW..."
d1d26bc871719fe2,대학생인턴십 2기 모집,LG에너지솔루션,서울 영등포구,"러시아어 회화 가능자 - 통계 프로그래밍(Minitab, SPSS, SAS 등), 프로그래밍언어(R, Python 등) 활용 경험 보유자 - 빅데이터/IT/품질/환경안전 관련 자격증 보유자 - PLC,N/W, 비전, 센터..."
ff22d24c102f6455,"Solutions Architcet 전문가 (과장/이사급 10명 이상) , 글로벌 TOP 클라우드 회사(",코어포인트,서울 강남구,"languages... Ruby, Python and Node... 현대 개발 언어에 대한 실무적 지식: 루비 (Ruby), 파이썬 ( Python), Node.js 등· 개발자 및 IT 운영자 대상의 신기술 전파에..."
7086f2bab178fe22,빅데이터 플랫폼 개발자(경력),네이버,서울,"관련 기본 지식을 갖추고 있으며, 분산 환경에서 대용량 데이터 처리 경험이 있으신분 - Java / Python 개발경험과 프로그래밍 기본 지식을 가지신 분 - Spring Framework 기반의 API 서버, 웹서버 개발..."
04d685fc70b67d4e,Linux/Python/PHP/MySQL/백엔드 정규직 경력,일루미나리안,용인 보정동,"보유 - DBMS(MySQL or MariaDB), scripting Language: bash, python, OOP 언어 중 가능자 - Back-End 서버를 개발해 보신 분 [우대사항] - Go(aka GoLang..."
fb7a9b046899b406,퀀트운용팀 (사원-대리급),신한자산운용,대한민국,"투자자산운용사 자격증 보유자 - CFA 등 금융관련 자격증 소지자 - 프로그래밍 가능 인력(SQL, Python) 우대 3. 전형방법 - 서류전형(서류전형 합격자에 한하여 개별통보) 면접 1, 2차 전형 4. 제출서류..."
de766edcc2cea201,로보틱스 소프트웨어 엔지니어 경력 정규직,로보아르테,서울 강남구,"이션 개발 경력자 • 프로그래밍 언어 활용 능력(C/C++, Java, Python 등) • 데이터 구조 및 네트워크, 통신에 대한 전문적인 이해 및... 능력(C/C++, Java, Python 등)• 데이터 구조 및 네트워크..."
b11b3e483572635e,S/W개발자 (테크노파크 청년일자리 사업 일환),그린훼스코,광주 북구,통신·모바일·게임>응용프로그래머>JAVA|인터넷·IT·통신·모바일·게임>응용프로그래머>인공지능(AI)|인터넷·IT·통신·모바일·게임>응용프로그래머> Python|인터넷·IT·통신·모바일·게임>응용프로그래머>자바스크립트
8af26b37623864c4,8퍼센트 개발자 (신입/경력),8퍼센트,서울 종로구,개발 금융 데이터 분석과 분석 플랫폼 운영 자격요건 컴퓨터 전공자 또는 웹 개발 경력 1년 이상 우대사항 Python 코드를 무리 없이 읽으실 수 있는 분 Linux/Mac 사용 가능한 분 새로운 기술에 대한 호기심을 가지신...
a4015a0d112e9569,프론트엔드 정규직,바이오에이아이,서울 강남구,"프론트 엔드 구현 - DB 구축 - 신규 기능 개발 및 반영, 지속적인 개선 및 유지 보수 자격 조건 - Python, Django - RDBMS 경험 - UI개발 경험 우대 사항 - 딥러닝에 관심있으신 분 - 단위 테스트..."
d2ec77080face34b,딥러닝 영상처리 소프트웨어 개발자,지오비전,강원도 춘천,"이해 - C++ , Python 프로그래밍 가능 - Competition... 요건]- 컴퓨터비전 및 딥러닝 이론에 대한 전반적인 이해- C++ , Python 프로그래밍 가능경력사항: 신입, 경력(연차무관)학력사항: 대학교(4..."
fc037709d0770796,System SW 엔지니어,딥엑스,성남 분당구,사항: 대학교(4년)졸업 이상 [기본 요구능력] - ASM/C/C++/ Python 언어 코딩 기술 - 운영체제 SW 설계 및 구현 - 알고리즘/네트워... 게임>빅데이터·AI(인공지능)> Python|인터넷·IT·통신·모바일·게임...
89d35930b8f6dec1,10월 11번가 Backend 개발 경력공채,십일번가,서울 중구,"및 운영2. 활용기술[서버 개발] - Spring Boot 2.x, Spring Cloud, Reactor, Python, Node.js - Oracle, MongoDB, MySQL, Kafka, Redis, Spring..."
01bd5372e531d949,"Sales - Sales Operations Specialist, Seoul, Korea",Tesla,서울,"software, including... limited to Excel, PPT, Word, SQL, Python, Tableau, etc. Demonstrated ability to define, refine..."
b527be3d7b9d4120,CTO 경력사원 (기판/전력전자/렌즈금형/기구/Simulation/AI/차량SW),LG이노텍,서울 마곡역,"픈소스 기반 머신러닝/딥러닝 기술 개발 경험자 - 프로그래밍 스킬 보유자( python, java, C/C++, tensorflow, pytorch 등... 가능자 (MATLAB, Simulink, Python) - 디지털신호처리..."
269705a740edaff6,생산기술 Center_알고리즘 검사 분야 경력사원,LG디스플레이,경기도 파주,"Open Framework(TensorFlow/Pytorch 등) 활용 딥러닝(CNN)모델 개발 경력 2) Python , C/C++ 프로그래밍 숙련자 우대자격 1) Computer Vision 분야 경험 2) Machine..."
b2eb1fe78ff9ee5f,[대기업] 데이터분석가 경력 (대리~과장급 2명),에이치알니즈,서울,"경력5년 이상-통계분석과 Machine Learning알고리즘에 대한 기본지식 보유-SQL, SAS, R, Python 중2개 이상의 분석도구에 대한 기본 이해-현상에 대한 문제인식과 적극적인 문제해결의지-통계적 수치에 대한..."
6825074ac2d6f4ad,[INEEJI 인공지능연구소] AI 예측 전문기업 개발팀원,인이지,성남 분당구,INEEJI 인공지능연구소] 예측 서비스 AI엔지니어 모집(경력)- 인공지능기반 시계열 예측 서비스 개발( Python/TensorFlow등 기반)[근무부서 및 직급/직책]근무부서: 인공지능연구소직급/직책: 사원 [자격요건...
e094a5757d9e4668,소프트웨어 개발 인원 채용,에스티아트,전주 효자동2가,소프트웨어개발 Python Program 개발 및 NAS 활용을 통한... 가전제품 수리업 모집요강 IT 기술지원 전문가 직무내용 Python Program 개발 및 NAS 활용을 통한 전산프로그램 연동 고용형태...
a5c4cc2e1637728c,[정보보호기술] 클라우드 보안기술 개발자,카카오뱅크,성남 삼평동,"클라우드 관련 보안 정책 운영 및 보안 계획 수립 필수 경험과 역량 · Go-lang, Java, Python 등으로 개발된 오픈소스를 업무에 활용한 경험 및 개발 역량(일부 수정, 연동모듈 작성 등)을 보유한 분..."
a82e3922c29d3373,관리직 경력사원 공개채용,경동나비엔,서울 여의도,"개발 • 경력 : 3년 이상 10년 이하 • 학력 : 학사 이상 / 전공무관 • 우대사항 - JAVA, Python, node.js, typescript 프로그래밍 경험자 - IoT 클라우드 플랫폼 또는 앱 서비스 개발자..."
4adac8923476d038,프랭클린템플턴투신운용 Junior Trader (Quant base 필수),프랭클린템플턴투신,대한민국,"object-oriented programming and intermediate programming proficiency in Python, R or MATLAB, and SQL are essential. Licenses..."
3e7b756ca8ec169f,가상화 엔지니어 정규직,다원커리어,서울 서초구,DM/NV 등) 우대사항 1) 정보처리산업기사 이상의 자격을 보유하신 분 2) PowerShell/Bash/ Python 등 System Script 경험이 있는 분 기타정보 1) 삼성전자 반도체 사업장 VMware 가상화...
68d62221f2d26c0e,(주)웨이브웨어 2021 년도 신입사원 (프로그래머),웨이브웨어,대전 유성구,"유경험자 - keras/theano/tensorflow 유경험자 - python, java 유경험자 - lwjgl/jogl 을 이용한 OpenGL... tensorflow 유경험자 - python, java 유경험자..."
112566541738ad42,Software Developer 3,Oracle,대한민국,"Experience task automation in scripting languages like shell, Python, JavaScript, TypeScript Boat load of passion & energy..."
f0fa048255eee14e,"인공지능(AI), 머신러닝(ML) 외 경력 정규직",시스메틱,서울 영등포구,모바일·게임>응용프로그래머>인공지능(AI)|인터넷·IT·통신·모바일·게임>응용프로그래머>머신러닝(ML)|인터넷·IT·통신·모바일·게임>응용프로그래머> Python|인터넷·IT·통신·모바일·게임>소프트웨어·하드웨어>소프트웨어
dbe0729882fd8763,소프트웨어 개발자 신입 / 경력직 채용,네이버시스템(주) 관심기업,서울 가락동,"무관 [우대사항] - Java, JavaScript, C#, C++, Spring, Oracle, Python 등 개발 프로그램 사용 가능자 - 컴퓨터공학 전공 - 해당업무 근무경험 - 컴퓨터활용 우수자 - 관련 자격..."
a692f83229bd339f,Datacenter Engineer,Oracle,서울,"Base Operating System Install • Some experience with Perl, Python, Bash or Java • Core OS Services: ssh, telnet, ftp, nfs..."
ae64d6a67aab13ca,빅데이터 플랫폼/분석 솔루션 개발자/엔지니어/운영자,비코어,서울 중구,"들을 배치 (shell script / python) 개발 [자격요건][필수]- She// / Python 중 1개 이상을 이용한 프로젝트 유경 험자... 이해, 구축/운영[우대사항] Python 개발 유경험자[기타]기술적 부분..."
40de6a4b81f8724f,[전문연구요원 신규편입/전직] 의료영상/음성인식/생체신호 연구원,뷰노코리아,서울 서초구,인공지능)>텍스트마이닝|인터넷·IT·통신·모바일·게임>빅데이터·AI(인공지능)>인공지능(AI)|인터넷·IT·통신·모바일·게임>빅데이터·AI(인공지능)> Python|인터넷·IT·통신·모바일·게임>빅데이터·AI(인공지능)>딥러닝
2170d6b3d4399382,[동화기업] 신입사원 채용,동화그룹,인천 가좌동,"공학, 수학, 통계학 전공 ㆍ데이터 분석 프로젝트 경험 보유자 우대사항 ㆍ분석 tool 사용 역량 보유자 ( Python, R, Scala 중 하나 이상) ㆍ인공지능 관련 최신 논문/기술 파악 가능자 여의도 데이터 엔지니..."
efbba2803e24d3e4,(주)대은계전 기업부설연구소 연구원 (신입가능),대은계전,제주 제주시,"ㆍ컴퓨터활용능력 우수, 차량소지자, 엑셀 고급능력자 인터넷·IT·통신·모바일·게임>데이터베이스·DBA>MySQL|인터넷·IT·통신·모바일·게임>웹프로그래머> Python|인터넷·IT·통신·모바일·게임>응용프로그래머>Linux"
df228c302c3c8f9b,서버개발자(벡앤드) 정규직,오비이랩,서울 강남구,시스템 개발 [자격요건]• 경력사항: 경력(3년 이상 7년 이하)• 학력사항: 학력무관• 중상급 이상의 Python 또는 JavaScript 언어 활용 가능자• Django 또는 Node.js rest framework에...
9193b9de45a0ac1c,Embedded Software Engineer - Connected,GE Appliances,경기도 성남,"skills with C, C++ and other script languages (i.e. python etc..) Strong knowledge... IOT devices communication protocols..."
409c1253b2dde75b,동국대학교 데이터분석팀 연구원(계약직) 채용공고,동국대학교,서울 필동,"자 4) 남자의 경우 병역필 또는 면제자 5) 한글, MS OFFICE 등 기본 문서작업 가능자 6) Python, R 프로그래밍 언어 사용 가능자 우대 2. 모집인원 : O명 3. 근무조건 및 계약기간 구 분..."
28b343c3943a7dca,"웹개발, 백엔드 외 경력 정규직",핀후드,서울 성동구,"요건]경력사항: 경력(1년 이상 3년 이하)학력사항: 학력무관직무기술: Python, django 1 명 근무조건 고용형태: 정규직근무부서: 개발팀급... 로그래머>프론트엔드|인터넷·IT·통신·모바일·게임>웹프로그래머> Python"
c988cdccd94e9a20,Software Developer & Verification,Ericsson,서울,"Programming Language and skillset: Java(preferred), C++, Python, CI Environment, Shell Script Native Korean and business..."
0f502079be47bcfe,AI R&D 데이터플랫폼 엔지니어 모집,엔씨소프트,성남 판교역,3년 ~ 15년 필수조건 - Hadoop 기반 분산 데이터 처리 기술에 대한 경험 보유 - Java / Python 기반 개발 경험 보유 - Hive / Spark 기반 데이터 파이프라인 개발 및 workflow 자동화 개발...
a0dda478567db352,"(주)트윔 개발자(경력직) 빅데이터,영상처리,머신비전/AI 딥러닝",트윔,경기도 화성,"자기주도적으로 진행한 경험 - Python/C/C++ 능통자 - 데이터... RNN 등 딥러닝 이론 및 알고리즘 유경험자 - C/C++, Java, Python/TensorFlow/Caffe 사용가능자 - Matlab/R 분석..."
7fe0c284fbf4045f,CRM 및 마케팅 데이터분석 담당자 - 국내 대기업 계열사,라피플코리아리미티드,서울,"역량 (SQL 및 SAS, R, Python 등) - 통계 지식 보유 및... 경력자- 대용량 데이터 분석 툴 활용 역량 (SQL 및 SAS, R, Python 등)- 통계 지식 보유 및 데이터 모델링 가능자 우대- CRM 업무..."
43d78da7c0b23848,Machine Learning Platform Backend Engineer,LINE Plus corporation,대한민국,"Machine Learning as a Service) Backend System 개발 자격요건 Golang, Python, Java를 이용해 Backend Server 구현에 익숙하신 분 Server-side Trouble..."
da4dec4594f59668,[전문연구요원] AI Research Engineer,Upstage,경기도 용인,"크에 대한 깊은 이해(예: TensorFlow, PyTorch) 하나 이상의 능숙한 프로그래밍 언어(예: Python, C++) 및 Linux/Shell 프로그래밍 환경에 대한 친숙함 논문상 모델의 성능을 빠른 시간안에 재현..."
d13fce11058e6cf1,보안 모니터링 시스템 개발 및 운영 담당자 모집,카카오,성남 판교역,"이터 분석을 위한 SIEM/ETL 플랫폼 개발/운영 지원자격 기본사항 경력 3년 이상 Java, Python 등의 언어로 개발 가능자 기본적인 웹 개발 및 Back-End 개발 가능자 DBMS 혹은 빅데이터(NoSQL..."
6ede042ebe53ba49,RTL 기반 HW IP 설계 엔지니어 (딥러닝 하드웨어 프로세서 개발),딥엑스,성남 분당구,"모델의 RTL IP 설계 및 IP 검증 가능자 - Language: Python/Perl, C/C++ [우대 조건] - ARM based SoC 설계... 검증 가능자 - Language: Python/Perl, C/C++ [우대..."
a8a6250f183b2907,Solutions Architect II - AWS,Amazon Web Services Korea LLC,서울,"languages... Ruby, Python and Node... 현대 개발 언어에 대한 실무적 지식: 루비 (Ruby), 파이썬 ( Python), Node.js 등 · 개발자 및 IT 운영자 대상의 신기술 전파에..."
5331de34a85a125a,[코그넥스] 딥러닝 연구원 (신입/경력/전문연구요원),코그넥스코리아,서울 서초구,"network 등) - Deep Learning 방법론에 대한 데모 프로그램 제작 및 제품화 코드 작성 ( Python / C++) - 다양한 종류의 제조업 이미지 데이터에 대한 탐색, 분석 및 전처리 모듈 구현 - 최신..."
7fdcd7a7457b1e93,데이터 분석,아프리카TV,경기도 성남,"의 서비스 이용/소비형태/이상현상과 트렌드 변화가 궁금하신 분 - B2C서비스 데이터 분석 직군에서 데이터 핸들링 경험이 있으신 분 - SQL,Excel,R, Python 등을 이용하여 데이터 추출 또는 분석이 가능하신 분"
8ea9448c5082a46e,Data Scientist,IBM,서울,"skills in Python, and ideally in other languages like R, SQL, Hive Sql, C++ • Hands-on experience with Python libraries..."
fdd1ec500461c093,"프론트엔드, 백엔드 개발 경력 정규직",토이스미스,서울 강남구,"으로도 지원 가능 우대사항 l JavaScript 이외의 개발언어 능력 (JAVA, TypeScript, Python 등) l Node & React 스택의 개발자 l Spring Framework 및 오픈소스 활용 경험 l..."
5c6fe384fabdbd45,서버 백 엔드 개발자,셀메이트,서울 마포구,작성되어 있어 이를 PHP기반 Laravel프레임워크로리팩토링 중입니다. 새로운 서비스 개발에는 PHP와 Python등을 활용합니다. 담당업무 - 백엔드 서버 API개발 - Legacy 코드 유지보수 / 리팩토링 - 내부...
0d10d8993d3cdfa9,HW/SW 분야 직무 교육 전문강사,에이치에스글로벌,서울 강남구,통신·모바일·게임>응용프로그래머>인공지능(AI)|인터넷·IT·통신·모바일·게임>빅데이터·AI(인공지능)> Python|인터넷·IT·통신·모바일·게임>빅데이터·AI(인공지능)>빅데이터|인터넷·IT·통신·모바일·게임>빅데이터·AI...
2f56d4b70c1df086,하반기 인턴직 모집,한솔그룹,서울 을지로2가,"지니어 (IT 인프라 관리/운영) 서버, 네트워크 Bash, Java, Python ① 학력 : 초대졸 이상 (2020년 2월 이후 졸업/졸업예정... JavaScript, VC++, Python) 한솔 PNS IT 부문..."
a8c7fd3923c58768,[원익아이피에스] 대졸공채,원익그룹,성남 삼평동,"경력자 - ANSYS Fluent, Mechanical, C/C++, Python, Matlab 사용 가능자 연구 개발 Data Science... 우대사항] - MATLAB, Python, R, 통계적 데이터 분석 기법..."
5fc53d8ce25c05f7,IT 개발 총 책임자,핀후드,서울 성동구,스템접수양식: 인크루트 이력서 기타 유의사항 입사지원서 및 제출서류에 허위사실이 있을 경우 채용이 취소될 수 있습니다. 인터넷·IT·통신·모바일·게임>웹프로그래머>웹개발|인터넷·IT·통신·모바일·게임>웹프로그래머> Python
21b3c46baa6219c5,"데이터사이언스, mSQL 외 경력 정규직",에임즈인터내셔널코리아,서울 강남구,"위를 소지하신 분 -TOEIC, TOEFL, OPIC 등 공인 인증 영어 점수를 보유하신 분 -SQL, R, Python, SAS, Stata 등을 통한 실무 데이터 처리 및 분석을 경험하신 분 -서비스 기획, 마케팅 업무에..."
44f16e94e3e6b589,"Staff Software Engineer, Maps & Navigation, Seoul, Korea",Tesla,서울,"industry Fluency in English Proficient in one of C++, Python Experience writing and shipping customer-facing code High..."
2fa7a133c1d32100,[웹젠] 게임보안(경력),웹젠,성남 분당구,"PC/AOS/IOS 어플리케이션 리버싱 가능한 분 - C/C++/ Python/Java 등 개발 능력을 보유한 분 - 문제점 파악 후, 개선 방안 제시... 리버싱 가능한 분 - C/C++/ Python/Java 등 개발 능력을 보유..."
3415a2ec10f41d98,[램플코딩학원] 온오프라인 코딩 강사,밸류에잇 벤처스,대전 서구,"우대사항]ㆍ전공계열: 공학계열(컴퓨터공학, 소프트웨어공학, 시스템공학)ㆍ자격증: 정보처리기사ㆍC언어, Python 가능자ㆍ아두이노 로봇 강의 가능자 우대ㆍ자격증반/대회반 교육 경력자 우대 00 명 근무조건 고용형태: 계약직..."
ffacf5c4b4ca412c,물류 수/배송 최적화 및 거점 네트워크 설계 전문가 (유명 대기업),바이커리어,서울,"물류 관련 GIS 분석 및 구축 경험 (Skill/Qualification) - C, C++, Java, Python - Gurobi, Cplex Solver 경력사항: 해당 경력(3년 이상 ) 학력사항: 대학교(4년)졸업..."
b2d23a1f7663c1a0,11번가 클라우드 엔지니어,십일번가,서울 중구,"Kubenetes, Python담당 직무11번가 Infra 조직은 현재... Kubernetes 및 Docker을 이용한 시스템 구축 경험이 있으신 분 Python, Shell, Java 등의 언어를 사용하여 운영 관리 도구를..."
0f7029bab640fc30,DT 신입사원 채용,고려해운,서울 남대문로,"업무 수행) - 디지털 과제 수행을 위한 기본 역량 - 머신러닝,딥러닝 등 빅데이터 및 프로젝트 경험 - Python/R/SQL/GA 등 프로그래밍 기본소양 - 문제점 해결을 위한 기획,분석 역량 - 도전과 성장을 위한..."
63a24d7aa8fac0b0,(주)솔로몬테크노서플라이 데이터 엔지니어 (정규직),솔로몬테크노서플라이,서울 영등포구,"Hadoop, Spark, Impala/Kudu, Kafka, Hive) 에 대한 이해ㆍ Java, Scala, Python 등 프로그래밍 스킬ㆍ Sqoop / Oozie 를 활용한 WorkFlow 개발 스킬 ㆍ 확장성/신뢰..."
919f3e5da2efbc55,머신러닝/딥러닝 모델 기반 음성인식 서비스 백엔드 개발자,프렌즈몬,서울 구로구,통신·모바일·게임>웹프로그래머> Python|인터넷·IT·통신·모바일·게임... 공지능)> Python|인터넷·IT·통신·모바일·게임>빅데이터·AI(인공지능)>인공지능(AI)|인터넷·IT·통신·모바일·게임>응용프로그래머> Python
d193999bb6d038d4,Analog Design Engineer,Cirrus Logic,서울,"Modeling of solutions using tools... Python, Matlab, Simulink, and Spectre AMS... tools... Python, Matlab, Simulink..."
ba6a0ebb6ad9cd18,IT 인프라 운영 도구 개발,NHN,성남 판교역,"모니터링 시스템 Web 개발 - 경력 4년 이상 - Linux 환경(LAMP) 경력 3년 이상 - Python, Django, Javascript, PHP 경험 - 다양한 Front-end 프레임 워크 사용 경험..."
80989b222bc45833,자동차 전장 Build Engineering SW 개발 전문가,LG전자,서울 강서구,"릴리즈 관리, 변경 관리 경험 3년 이상 - Yocto, Android 등 개발 환경 - C/C++, Python, Git, Gerrit, CMake, Make 등 - 컨테이너, 클라우드 기반의 빌드 환경 ﻿구축 [Key..."
63bd0323ac917d78,[아이콘트롤스] 2020년 경력 직원 (기술연구소) 연구개발부문,HDC아이콘트롤스,성남 분당구,"자격요건>(필수)- 데이터 엔지니어 경력 3년 이상- 프로그램 개발( Python, Java) 능력 보유- 대용량 데이 인터넷·IT·통신·모바일·게임... 통신·모바일·게임>웹프로그래머> Python|인터넷·IT·통신·모바일·게임..."
269f9a96319ef19a,머신러닝 엔지니어 모집,카카오,성남 판교역,"델의 성능 검증 및 지속 개선 대규모 로그 데이터 통계 분석을 통한 피쳐 추출 지원자격 #필수사항 Python, Java, C++ 등 언어 중 하나 이상 활용 가능하신 분 TensorFlow/Keras, PyTorch..."
c5685a32445180f3,[커머스&서비스 플랫폼] 백엔드 엔지니어 (전문연구요원 가능),버즈니,서울,"이런 분을 찾습니다 컨테이너 기반 환경의 서비스 구축 경험이 있으신 분 Flask, FastApi 등 Python 기반 웹어플리케이션 서버 개발 경험이 있으신 분 RDBMS 또는 Elasticsearch 등을 활용한 시스템..."
fcea39747b3dcb20,"산업용 비전 처리 S/W 개발, AI 가속기 처리 S/W 개발 경력사원",여의시스템,성남 중원구,모바일·게임>응용프로그래머>Visual C++(MFC·ATL)|인터넷·IT·통신·모바일·게임>응용프로그래머> Python|인터넷·IT·통신·모바일·게임>응용프로그래머>인공지능(AI)|인터넷·IT·통신·모바일·게임>빅데이터·AI...
711f285ff8ff2fc7,백엔드 정규직,블루비커,서울 중구,"서비스 신규개발, 유지보수, 최적화, 성능 개선- 기술문서 작성- 기획, 프론트엔드와 협업 [자격요건]- Python 혹은 .NET 전문성 보유- API, 데이터 통신 설계 가능하신 분- AWS/Azure Serverless..."
9ab2041ab3380a21,카카오톡 안티어뷰징을 위한 데이터/백엔드 엔지니어 및 머신러닝 전문가 모집,카카오,성남 판교역,"Engineer, Data Scientist 해당 분야에서 활용되는 언어 및 도구를 능숙하게 다룰 수 있는 분( Python, Scala, PyMC, PySpark, Tensorflow 등) 우대 사항 컨테이너 환경에서의..."
59582c9dff81a2b4,Measurement Engineer,DNV,서울,"packages used... wind industry... IMC Famos, Python, WAsP, Matlab, Windfarmer, Windapp etc. Software developing..."
14cf2d71a808d1d2,2021년 하반기 AI 관련 사업부 경력 직원 모집,주식회사 스누아이랩 관심기업,서울 신림동,"개발 [자격요건] - 초대졸 이상 학력 - 관련 경력 신입부터 15년 이하 [우대사항] - python, opencv, c++ 개발 숙련자 - Cross Platform 개발 경험자 - 영상 처리(decoding..."
1b3ad64e7a39c01a,IoT 기기 및 네트워크 취약점 점검 개발자,노르마,서울 성동구,"우대사항 ㆍ제로데이 및 CVE등 취약점 분석 경험자 우대 ㆍ언어(C, Python등)에 대한 이해 및 활용 능력 ㆍ리버스엔지니어링(arm/mips... 분석 경험자 우대 ㆍ언어(C, Python등)에 대한 이해 및 활용 능력..."
d117556092766656,B2C 영업기획 담당자 (신입 가능),딜리버리히어로코리아,서울 서초구,"분내/외부 커뮤니케이션 능력을 보유하신 분데이터 분석 및 insight 도출 능력을 보유하신 분 우대 조건 Python, SQL, 쿼리문 등 Data tool 활용 능력을 보유하신 분통계 패키지 (SAS, SPSS 등) 사용..."
918468d6e12a17e8,네트워크 엔지니어링,NHN,성남 판교역,"관리 도구 개발/운영 - 관련학과 졸업 후, 경력 3년 이상 - 리눅스 환경 개발 경력 2년 이상 - Python, Django, Javascript 관련 개발 경험 - CCNA 또는 JNCIA 이상의 자격증 보유..."
fc09bd46b913c048,시스템 엔지니어링,NHN,성남 판교역,"운영 경험 보유 - 쉘 스크립트 또는 프로그래밍 개발 스킬 보유 * Bash, PowerShell, Python, JAVA, etc * 운영 자동화/효율화 경험 보유 - 대용량 트래픽 처리를 위한 인프라 설계와 구축..."
825ecee0a5bd7dde,"Customer Engineer, Google Cloud Customers",Google,서울,"one... following scripting/programming languages: C#, Python, Perl... Shell Scripting. Ability to rapidly prototype..."
6394dc6b6dcbed60,Developer,Ericsson,서울,"Erlang, Java, Python Domain experience... 가능) 프로그래밍 언어: C, C++(필수) / Erlang, Java, Python(우대) 기술 분야: 라디오 엑세스 네트워크, 5G NR, LTE..."
2165954253e0cd92,채용전제형 인턴십 모집,이베스트투자증권,서울 여의도역,"금융투자분석사, CFA Level 1 이상 등 관련 자격 보유자 • 엑셀 VBA 프로그래밍, SQL Python, R 등 활용가능자 • 통계학, 머신러닝, AI 관련 지식 보유자 리테일 영업지원 (기획, 지원..."
9f0ce22eee4259bb,"교육 기획/운영, 시스템 기획",매직에코,서울 성동구,"Science, Data Science, AI, Algorithm, Python 등... 데이터 분석, 인공지능, 프로그래밍 언어) 교육에 관심... AI, Algorithm, Python 등)• IT(데이터 분석, 인공지능..."
f681668fa8a3edee,Security/ASDL 경력인재 - 자동차 전장부품 우량대기업,에스에프인촌,서울,바일·게임>응용프로그래머>Linux|인터넷·IT·통신·모바일·게임>응용프로그래머>Android|인터넷·IT·통신·모바일·게임>응용프로그래머> Python|전자·기계·기술·화학·연구개발>연구원·연구개발>커넥티드카소프트웨어기술개발
b92aa9fa4dd865f2,PM/PL & 데이터분석가 & 일반영업 정규직,데이터누리,서울 강서구,"빅데이터 플랫폼 운영 및 개발 경험- 개발 경력 보유자(Java, Python, R, react, JavaScript, node.js 등)- DB... 게임>빅데이터·AI(인공지능)> Python|인터넷·IT·통신·모바일·게임..."
b51aeb11885e955f,Business Data Analyst (경력),데브시스터즈,서울 강남구,통신·모바일·게임>데이터베이스·DBA>SQL|인터넷·IT·통신·모바일·게임>응용프로그래머> Python|인터넷·IT·통신·모바일·게임>웹프로그래머> Python|인터넷·IT·통신·모바일·게임>전산·IT기술지원>IT기술지원
7690f3602044f9a5,Solution Architect,HP,서울,"Experience with Java, Python and C/C++ programming, and experience with scripting languages... Python... Ruby..."
295dbb4947ab24da,[글로벌컨설팅사] Data Platform,인코리아 프로페셔널,서울,고객사 맞춤형 R/ Python client package 개발* [Analytics Platform] 다수 사용자를 위한 R/ Python 분석 환경... 통신·모바일·게임>웹프로그래머> Python|인터넷·IT·통신·모바일·게임...
41ccdb656d6dc64c,"[마케팅코리아]웹개발자 php,python,mysql 등 경력자 - 마케팅코리아",마케팅코리아,부산 해운대구,"모집직종 웹 개발자(웹 엔지니어·웹 프로그래머) 관련직종 - 직무내용 1. 웹 개발기획 2. 웹 개발 및 유지보수 접수마감일 채용시까지 고용형태 기간의 정함이 없는 근로계약 장애인 채용인원 1명 임금조건 연봉 40,000..."
aa13332a8009c705,Application Engineer Korea,IMS Nanofabrication,경기도 화성,"You are committing to support the team in challenging situations. Python, Office solutions and Linux experience is beneficial..."
062c9d536d6d22eb,헤지펀드운용팀 정규직 전환형 인턴사원,엑스포넨셜자산운용,대한민국,"분석 업무 - 퀀트 리서치 및 투자 알고리즘 개발 지원 - 펀드 운용 관련 업무 지원 [자격요건] - Python 등 프로그래밍 언어 사용 가능한 분 - SQL, RDBMS에 대한 이해가 있는 분 - 퀀트 리서치 및 투자..."
109c5533ffdaaa84,[DB금융투자] 2021년 하반기 신입사원 모집,DB그룹,서울 대치동,"개선, 신규 서비스 기획 등 프로젝트 진행 전공 제한없음 ※ JAVA, Objective-C/Swift, Python 등 기술보유자 우대... 금융관련 자격증 보유자 우대 ※ 영어 능통자 우대 0명 서울 (여의도..."
cf006f7ab9b7d7a3,그로스 엔지니어 신입&경력 (정규직),오피노마케팅,서울 성동구,있으신 분 [Preferred Qualifications 우대사항] - Python 개발에 대한 이해 -Google Optimize 사용 경험 인크루트... Qualifications 우대사항]- Python 개발에 대한 이해...
b7088eef97d23956,Android Framework Engineer,리얼텍세미콘덕터코페레이션코리아오피스,서울 강남구,"solving skills - Better having experience with make file, Python - Good communicate with Headquarter and relative branch..."
a50fce6cc2cb57c9,자연어처리전문가 금융챗봇 만들어 갈 엔지니어,파운트,서울 충정로역,리에 필요한 알고리즘을 개발하고 Python으로 구현 및 성능 검증을 진행... Description - 자연어 처리에 필요한 알고리즘을 개발하고 Python으로 구현 및 성능 검증을 진행 - 자연어 전처리 (형태소 분석...
c30f0ea918f59e22,2021년 하반기 AI 관련 엔지니어 신입 및 경력 직원 모집,주식회사 스누아이랩 관심기업,서울 신림동,"python, pytorch, tensorflow, triton inference server, FastAPI, NatsIO, Deepstream, docker) - ML 제품의 학습 파이프라인 개발 ( python..."
95946773d4816f0d,"머신러닝, 데이터분석 외 경력 정규직",에임즈인터내셔널코리아,서울 강남구,"혹은 그에 상응하는 실무 경력 - Python 기반의 머신러닝 프레임워크... SQLAlchemy, OpenCV, pytest -Language: Python, SQL -Github, Yona, Git 0 명 근무조건 고용형태..."
cfdb66a24e99b6e3,Renewables Consultant - Electrical Engineering,DNV,서울,"programming languages... PSS®E, PSCAD, PowerFactory Python, Matlab, etc; Experience with using MS Office suite packages..."
a7e0d87ee0e9a7b9,Design Verification 엔지니어 (딥러닝 하드웨어 프로세서 개발),딥엑스,성남 분당구,"SoC Design 기능을 디버깅 - Linux Shell, Tcl, Python, Perl 사용 원활 - Linux OS 기반 환경에서 개발 경험... 버깅 - Linux Shell, Tcl, Python, Perl 사용 원활..."
d69b5a1e60c65ce6,데이터 마케팅 경력사원,LG전자,서울 영등포구,"능력 보유자 (SQL, R, Python, Scalar, Hadoop 등... 운영 경험자 - CRM 캠페인 기획/운영 경험자 - SQL, R, Python 등 통계 패키지 활용 자격증 보유자 모집기한: ~ 본 포지션 채용 시점..."
475d5251e599c6fb,Wireless Access SW - Platform Application Engineer,Intel,서울,"C/C++ and modern scripting tools... Unix Shell, Python, Perl, etc. 4 years+ of experience with higher layer networking..."
e3f3b7e2103d9bc7,"웹개발, 백엔드 외 신입/경력 정규직",코인챗,서울 강남구,로그래머>웹개발|인터넷·IT·통신·모바일·게임>웹프로그래머>백엔드|인터넷·IT·통신·모바일·게임>웹프로그래머>프론트엔드|인터넷·IT·통신·모바일·게임>웹프로그래머> Python|인터넷·IT·통신·모바일·게임>웹프로그래머>PHP
b3a6c83c9debcb92,네이버 파이낸셜 플랫폼 운영,NIT Service,성남 삼평동,"Docker(kubernetes) 및 어플리케이션 배포 전략 지식 보유 - Shell script, python 및 web framework 등 기타 프로그래밍 언어 활용 가능 - 국가보훈대상자 및 장애인은 법령에 의거..."
ccd4f5407a32ba6a,Data Scientist,Boston Consulting Group,서울,"analysis a plus, Programming... scripting exp.: eg. Python, C#, VBA, Java, Perl, etc. Experience in applied analytics..."
ac557af07aa4400a,[전주]- 랜선하우스 파이썬 웹/앱 개발자분,랜선하우스부동산투어,전주 완산구,스템접수양식: 인크루트 이력서 기타 유의사항 입사지원서 및 제출서류에 허위사실이 있을 경우 채용이 취소될 수 있습니다. 인터넷·IT·통신·모바일·게임>웹프로그래머>웹개발|인터넷·IT·통신·모바일·게임>웹프로그래머> Python
d4c94aa1d7e84908,금융 데이터 분석 및 모델 개발,케이지제로인,대한민국,"지원 가능) 우대사항 ㆍ통계 분석 알고리즘 이해 및 활용 능력 보유 ㆍ데이터분석/모델링을 위한 언어(R/ Python 등) 활용 경험 ㆍ금융관련 자걱증 소지자(CFA, FRM, 투자자산운용사 등) ㆍIT 관련 자격증 소지자..."
